{
  "regression_resnet50": {
    "RBC": {
      "mae": 3.178082227706909,
      "rmse": 4.435226287745727,
      "r2": 0.13801270723342896
    },
    "WBC": {
      "mae": 0.04109589010477066,
      "rmse": 0.2027212127646504,
      "r2": -0.04285705089569092
    },
    "Platelets": {
      "mae": 0.8904109597206116,
      "rmse": 1.1993148715485662,
      "r2": 0.0198209285736084
    },
    "macro_mae": 1.3698630332946777,
    "macro_rmse": 2.655226566396262,
    "exact_image_match": 0.0136986301369863
  },
  "detection_yolo26n_counting": {
    "RBC": {
      "mae": 4.904109477996826,
      "rmse": 6.4298106073990615,
      "r2": -0.8116137981414795
    },
    "WBC": {
      "mae": 0.2602739632129669,
      "rmse": 0.5101705236614195,
      "r2": -5.604761600494385
    },
    "Platelets": {
      "mae": 1.383561611175537,
      "rmse": 1.9124681332993814,
      "r2": -1.492455244064331
    },
    "macro_mae": 2.1826484203338623,
    "macro_rmse": 3.8841675633154793,
    "exact_image_match": 0.0273972602739726,
    "selected_confidence": 0.25
  },
  "ood_detection": {
    "threshold_train_p95": 4.721645355224609,
    "clean": {
      "mean_score": 2.1145758628845215,
      "ood_rate": 0.0136986301369863
    },
    "blur": {
      "mean_score": 10.484222412109375,
      "ood_rate": 1.0,
      "roc_auc_vs_clean": 0.9898667667479827
    },
    "noise": {
      "mean_score": 2543.26123046875,
      "ood_rate": 1.0,
      "roc_auc_vs_clean": 1.0
    },
    "external": {
      "mean_score": 11518.9853515625,
      "ood_rate": 1.0,
      "roc_auc_vs_clean": 1.0
    }
  }
}