{
  "regression_resnet50": {
    "RBC": {
      "mae": 3.753424644470215,
      "rmse": 5.0909535975802065,
      "r2": -0.1357102394104004
    },
    "WBC": {
      "mae": 0.04109589010477066,
      "rmse": 0.2027212127646504,
      "r2": -0.04285705089569092
    },
    "Platelets": {
      "mae": 0.9863013625144958,
      "rmse": 1.2275378971504014,
      "r2": -0.026854276657104492
    },
    "macro_mae": 1.5936073064804077,
    "macro_rmse": 3.0257646146041703,
    "exact_image_match": 0.0136986301369863
  },
  "detection_yolo26n_counting": {
    "RBC": {
      "mae": 4.863013744354248,
      "rmse": 6.347256898495448,
      "r2": -0.7653930187225342
    },
    "WBC": {
      "mae": 0.21917808055877686,
      "rmse": 0.46816458704047326,
      "r2": -4.561904430389404
    },
    "Platelets": {
      "mae": 1.465753436088562,
      "rmse": 1.9479529297525062,
      "r2": -1.5858056545257568
    },
    "macro_mae": 2.1826484203338623,
    "macro_rmse": 3.842801480996784,
    "exact_image_match": 0.0136986301369863
  },
  "ood_detection": {
    "threshold_train_p95": 1.7804890871047974,
    "clean": {
      "mean_score": 1.1192089319229126,
      "ood_rate": 0.0410958904109589
    },
    "blur": {
      "mean_score": 0.7475649118423462,
      "ood_rate": 0.0,
      "roc_auc_vs_clean": 0.21148433101895292
    },
    "noise": {
      "mean_score": 5.489444732666016,
      "ood_rate": 1.0,
      "roc_auc_vs_clean": 1.0
    },
    "external": {
      "mean_score": 453.3177490234375,
      "ood_rate": 1.0,
      "roc_auc_vs_clean": 1.0
    }
  }
}