{
  "regression_resnet50": {
    "RBC": {
      "mae": 6.0821919441223145,
      "rmse": 7.417121987528644,
      "r2": -1.4106829166412354
    },
    "WBC": {
      "mae": 0.8082191944122314,
      "rmse": 0.9289852984571948,
      "r2": -20.89999771118164
    },
    "Platelets": {
      "mae": 1.1095890998840332,
      "rmse": 1.6427507706673579,
      "r2": -0.8390026092529297
    },
    "macro_mae": 2.6666667461395264,
    "macro_rmse": 4.418723125456974,
    "exact_image_match": 0.0273972602739726
  },
  "detection_yolo26n_counting": {
    "RBC": {
      "mae": 4.986301422119141,
      "rmse": 6.4340701549287544,
      "r2": -0.8140149116516113
    },
    "WBC": {
      "mae": 0.16438356041908264,
      "rmse": 0.4054424255293008,
      "r2": -3.1714282035827637
    },
    "Platelets": {
      "mae": 1.4794520139694214,
      "rmse": 1.9862541252463097,
      "r2": -1.6884911060333252
    },
    "macro_mae": 2.210045576095581,
    "macro_rmse": 3.894733511704911,
    "exact_image_match": 0.0136986301369863
  },
  "ood_detection": {
    "threshold_train_p95": 2.4988770484924316,
    "clean": {
      "mean_score": 1.1938048601150513,
      "ood_rate": 0.0821917808219178
    },
    "blur": {
      "mean_score": 1.3378905057907104,
      "ood_rate": 0.1232876712328767,
      "roc_auc_vs_clean": 0.544192156126853
    },
    "noise": {
      "mean_score": 47370.36328125,
      "ood_rate": 1.0,
      "roc_auc_vs_clean": 1.0
    },
    "external": {
      "mean_score": 716843.9375,
      "ood_rate": 1.0,
      "roc_auc_vs_clean": 1.0
    }
  }
}