{
  "regression_resnet50": {
    "RBC": {
      "mae": 3.1506848335266113,
      "rmse": 4.366748548909623,
      "r2": 0.1644245982170105
    },
    "WBC": {
      "mae": 0.04109589010477066,
      "rmse": 0.2027212127646504,
      "r2": -0.04285705089569092
    },
    "Platelets": {
      "mae": 0.9041095972061157,
      "rmse": 1.205012339770184,
      "r2": 0.01048588752746582
    },
    "macro_mae": 1.3652968406677246,
    "macro_rmse": 2.617991856194427,
    "exact_image_match": 0.0
  },
  "detection_yolov8s_counting": {
    "RBC": {
      "mae": 4.50684928894043,
      "rmse": 6.100752186910541,
      "r2": -0.6309326887130737
    },
    "WBC": {
      "mae": 0.054794520139694214,
      "rmse": 0.23408229352023663,
      "r2": -0.3904761075973511
    },
    "Platelets": {
      "mae": 1.0958904027938843,
      "rmse": 1.5170266660384721,
      "r2": -0.5682865381240845
    },
    "macro_mae": 1.8858447074890137,
    "macro_rmse": 3.6320490209153333,
    "exact_image_match": 0.0547945205479452,
    "selected_confidence": 0.5499999999999999
  },
  "ood_detection": {
    "threshold_train_p95": 4.722210884094238,
    "clean": {
      "mean_score": 2.1144838333129883,
      "ood_rate": 0.0136986301369863
    },
    "blur": {
      "mean_score": 10.48433780670166,
      "ood_rate": 1.0,
      "roc_auc_vs_clean": 0.9898667667479827
    },
    "noise": {
      "mean_score": 2543.26416015625,
      "ood_rate": 1.0,
      "roc_auc_vs_clean": 1.0
    },
    "external": {
      "mean_score": 93058.078125,
      "ood_rate": 1.0,
      "roc_auc_vs_clean": 1.0
    }
  }
}