{
  "regression_resnet50": {
    "RBC": {
      "mae": 3.1506848335266113,
      "rmse": 4.404232131245304,
      "r2": 0.1500180959701538
    },
    "WBC": {
      "mae": 0.04109589010477066,
      "rmse": 0.2027212127646504,
      "r2": -0.04285705089569092
    },
    "Platelets": {
      "mae": 0.8630136847496033,
      "rmse": 1.2331050182488832,
      "r2": -0.03618931770324707
    },
    "macro_mae": 1.3515981435775757,
    "macro_rmse": 2.6431612554135135,
    "exact_image_match": 0.0136986301369863
  },
  "detection_yolo26n_counting": {
    "RBC": {
      "mae": 4.794520378112793,
      "rmse": 6.298510469218844,
      "r2": -0.7383809089660645
    },
    "WBC": {
      "mae": 0.27397260069847107,
      "rmse": 0.5234239206403076,
      "r2": -5.952380180358887
    },
    "Platelets": {
      "mae": 1.2191780805587769,
      "rmse": 1.6839288435601873,
      "r2": -0.9323530197143555
    },
    "macro_mae": 2.0958902835845947,
    "macro_rmse": 3.7762777881679526,
    "exact_image_match": 0.0,
    "selected_confidence": 0.25
  },
  "ood_detection": {
    "threshold_train_p95": 4.717450141906738,
    "clean": {
      "mean_score": 2.11676287651062,
      "ood_rate": 0.0136986301369863
    },
    "blur": {
      "mean_score": 10.485825538635254,
      "ood_rate": 1.0,
      "roc_auc_vs_clean": 0.9898667667479827
    },
    "noise": {
      "mean_score": 2543.223876953125,
      "ood_rate": 1.0,
      "roc_auc_vs_clean": 1.0
    },
    "external": {
      "mean_score": 93308.734375,
      "ood_rate": 1.0,
      "roc_auc_vs_clean": 1.0
    }
  }
}