{
  "regression_resnet50": {
    "RBC": {
      "mae": 3.095890522003174,
      "rmse": 4.401120710697655,
      "r2": 0.15121865272521973
    },
    "WBC": {
      "mae": 0.04109589010477066,
      "rmse": 0.2027212127646504,
      "r2": -0.04285705089569092
    },
    "Platelets": {
      "mae": 0.931506872177124,
      "rmse": 1.2163272643369551,
      "r2": -0.008184194564819336
    },
    "macro_mae": 1.3561644554138184,
    "macro_rmse": 2.6388388467248953,
    "exact_image_match": 0.0136986301369863
  },
  "detection_yolo26n_counting": {
    "RBC": {
      "mae": 4.9178080558776855,
      "rmse": 6.385986435462124,
      "r2": -0.7870028018951416
    },
    "WBC": {
      "mae": 0.21917808055877686,
      "rmse": 0.49656353131157743,
      "r2": -5.257142543792725
    },
    "Platelets": {
      "mae": 1.5068492889404297,
      "rmse": 1.9931389425321762,
      "r2": -1.7071611881256104
    },
    "macro_mae": 2.214611768722534,
    "macro_rmse": 3.872983346207417,
    "exact_image_match": 0.0273972602739726,
    "selected_confidence": 0.2
  },
  "ood_detection": {
    "threshold_train_p95": 4.72232723236084,
    "clean": {
      "mean_score": 2.1144838333129883,
      "ood_rate": 0.0136986301369863
    },
    "blur": {
      "mean_score": 10.484253883361816,
      "ood_rate": 1.0,
      "roc_auc_vs_clean": 0.9898667667479827
    },
    "noise": {
      "mean_score": 2543.26513671875,
      "ood_rate": 1.0,
      "roc_auc_vs_clean": 1.0
    },
    "external": {
      "mean_score": 93060.046875,
      "ood_rate": 1.0,
      "roc_auc_vs_clean": 1.0
    }
  }
}