{
  "regression_resnet50": {
    "RBC": {
      "mae": 3.753424644470215,
      "rmse": 5.0909535975802065,
      "r2": -0.1357102394104004
    },
    "WBC": {
      "mae": 0.04109589010477066,
      "rmse": 0.2027212127646504,
      "r2": -0.04285705089569092
    },
    "Platelets": {
      "mae": 0.9863013625144958,
      "rmse": 1.2275378971504014,
      "r2": -0.026854276657104492
    },
    "macro_mae": 1.5936073064804077,
    "macro_rmse": 3.0257646146041703,
    "exact_image_match": 0.0136986301369863
  },
  "detection_yolo26n_counting": {
    "RBC": {
      "mae": 5.246575355529785,
      "rmse": 6.885561512064632,
      "r2": -1.07753324508667
    },
    "WBC": {
      "mae": 0.24657534062862396,
      "rmse": 0.5489716528833518,
      "r2": -6.647618293762207
    },
    "Platelets": {
      "mae": 1.2876712083816528,
      "rmse": 1.7672825687379177,
      "r2": -1.1283888816833496
    },
    "macro_mae": 2.2602739334106445,
    "macro_rmse": 4.116455244640457,
    "exact_image_match": 0.0136986301369863
  },
  "ood_detection": {
    "threshold_train_p95": 1.780867338180542,
    "clean": {
      "mean_score": 1.119248628616333,
      "ood_rate": 0.0410958904109589
    },
    "blur": {
      "mean_score": 0.7476122379302979,
      "ood_rate": 0.0,
      "roc_auc_vs_clean": 0.21148433101895292
    },
    "noise": {
      "mean_score": 5.496798038482666,
      "ood_rate": 1.0,
      "roc_auc_vs_clean": 1.0
    },
    "external": {
      "mean_score": 453.35601806640625,
      "ood_rate": 1.0,
      "roc_auc_vs_clean": 1.0
    }
  }
}